name,followers,location,experience_count,education count,url
Mike Kim,500+ connections,Singapore,5.0,1,https://sg.linkedin.com/in/mikekim
Kang Sungjin,500+ connections,"Yangcheon-gu, Seoul, Korea",5.0,3,https://www.linkedin.com/in/kang-sungjin-80b9b31/
Todd Sample,500+ connections,Korea,5.0,3,https://kr.linkedin.com/in/todd-sample-997b805
John Yoon,500+ connections,Korea,5.0,1,https://kr.linkedin.com/in/john-yoon-018255117
Richard Min,500+ connections,Korea,5.0,2,https://kr.linkedin.com/in/richarddmin
Steven Shin,500+ connections,"Gangnam-gu, Seoul, Korea",5.0,1,https://www.linkedin.com/in/marketingsteven/
Sofie Theilade Nyland Brodersen,344 connections,Korea,5.0,3,https://kr.linkedin.com/in/sofietheiladenylandbrodersen/de
Hyo Jung (Kate) Shin,500+ connections,Korea,5.0,0,https://kr.linkedin.com/in/hyo-jung-kate-shin-533b7324
Joe McPherson,500+ connections,Korea,0.0,0,https://kr.linkedin.com/in/joemcpherson3
SANG-HO PARK,500+ connections,Korea,5.0,1,https://kr.linkedin.com/in/sang-ho-park-98225321
