name,followers,location,experience_count,education count,url
Ted Ross,500+ connections,"Los Angeles, California",1.0,1,https://www.linkedin.com/in/ted-ross-643a616a
Stephen Cheung,500+ connections,Greater Los Angeles Area,5.0,2,https://www.linkedin.com/in/stephen-cheung-a18bb021
Rita Moreno,195 connections,"Los Angeles, California",0.0,0,https://www.linkedin.com/in/rita-moreno-14245513
City of Los Angeles Bureau of Engineering,2 connections,Greater Los Angeles Area,0.0,0,https://www.linkedin.com/in/city-of-los-angeles-bureau-of-engineering-bbb759193
Jeanne Holm,500+ connections,Greater Los Angeles Area,0.0,0,https://www.linkedin.com/in/jeanneholm
"Julia Salinas, PE, LEED AP",500+ connections,"Los Angeles, California",0.0,0,https://www.linkedin.com/in/juliarsalinas
Teresa Villegas,500+ connections,"Los Angeles, California",0.0,0,https://www.linkedin.com/in/teresa-villegas-98518259
Shant Apelian,500+ connections,"Los Angeles, California",0.0,0,https://www.linkedin.com/in/shantapelian
Nhung Mong Ho,500+ connections,Greater Los Angeles Area,0.0,0,https://www.linkedin.com/in/nhung-mong-ho-3502aa159
Ryan Norwall,500+ connections,"Los Angeles, California",0.0,0,https://www.linkedin.com/in/rnorwall
David Ebner,94 connections,"Los Angeles, California",0.0,0,https://www.linkedin.com/in/ebnerdavid
Gabbie De Los Angeles,500+ connections,Greater Los Angeles Area,0.0,0,https://www.linkedin.com/in/gdladelosangeles
Julia Thayne,500+ connections,"Los Angeles, California",0.0,0,https://www.linkedin.com/in/juliathayne
"Sam Alavi, P.E.,M.S.C.E.",474 connections,Greater Los Angeles Area,0.0,0,https://www.linkedin.com/in/sam-alavi-p-e-m-s-c-e-2912bb3b
Julie Sauter,61 connections,Greater Los Angeles Area,0.0,0,https://www.linkedin.com/in/julie-sauter-a37316106
Charles Lew,500+ connections,Greater Los Angeles Area,0.0,0,https://www.linkedin.com/in/charleslew
Jim White,500+ connections,"Los Angeles, California",0.0,0,https://www.linkedin.com/in/jim-white-599984
Robert Potter,500+ connections,Greater Los Angeles Area,0.0,0,https://www.linkedin.com/in/robert-potter-249a0b10
Sheila Payne,391 connections,Greater Los Angeles Area,0.0,0,https://www.linkedin.com/in/sheila-payne-8ab4a928
Selwyn Hollins,401 connections,"Los Angeles, California",0.0,0,https://www.linkedin.com/in/selwyn-hollins-3261aa6
Ted Ross,500+ connections,"Los Angeles, California",0.0,0,https://www.linkedin.com/in/ted-ross-643a616a
Stephen Cheung,500+ connections,Greater Los Angeles Area,5.0,2,https://www.linkedin.com/in/stephen-cheung-a18bb021
Rita Moreno,195 connections,"Los Angeles, California",5.0,1,https://www.linkedin.com/in/rita-moreno-14245513
City of Los Angeles Bureau of Engineering,2 connections,Greater Los Angeles Area,1.0,0,https://www.linkedin.com/in/city-of-los-angeles-bureau-of-engineering-bbb759193
Jeanne Holm,500+ connections,Greater Los Angeles Area,5.0,3,https://www.linkedin.com/in/jeanneholm
"Julia Salinas, PE, LEED AP",500+ connections,"Los Angeles, California",0.0,0,https://www.linkedin.com/in/juliarsalinas
Teresa Villegas,500+ connections,"Los Angeles, California",5.0,2,https://www.linkedin.com/in/teresa-villegas-98518259
Shant Apelian,500+ connections,"Los Angeles, California",4.0,1,https://www.linkedin.com/in/shantapelian
Nhung Mong Ho,500+ connections,Greater Los Angeles Area,5.0,3,https://www.linkedin.com/in/nhung-mong-ho-3502aa159
Ryan Norwall,500+ connections,"Los Angeles, California",1.0,1,https://www.linkedin.com/in/rnorwall
David Ebner,94 connections,"Los Angeles, California",3.0,3,https://www.linkedin.com/in/ebnerdavid
Gabbie De Los Angeles,500+ connections,Greater Los Angeles Area,4.0,2,https://www.linkedin.com/in/gdladelosangeles
Julia Thayne,500+ connections,"Los Angeles, California",5.0,3,https://www.linkedin.com/in/juliathayne
Julie Sauter,61 connections,Greater Los Angeles Area,4.0,2,https://www.linkedin.com/in/julie-sauter-a37316106
Charles Lew,500+ connections,Greater Los Angeles Area,0.0,0,https://www.linkedin.com/in/charleslew
Jim White,500+ connections,"Los Angeles, California",4.0,2,https://www.linkedin.com/in/jim-white-599984
Selwyn Hollins,401 connections,"Los Angeles, California",5.0,2,https://www.linkedin.com/in/selwyn-hollins-3261aa6
Robert Potter,500+ connections,Greater Los Angeles Area,1.0,1,https://www.linkedin.com/in/robert-potter-249a0b10
Sheila Payne,391 connections,Greater Los Angeles Area,4.0,0,https://www.linkedin.com/in/sheila-payne-8ab4a928
John de los Angeles,342 connections,San Francisco Bay Area,5.0,2,https://www.linkedin.com/in/john-de-los-angeles-3a501140
Ted Ross,500+ connections,"Los Angeles, California",1.0,1,https://www.linkedin.com/in/ted-ross-643a616a
Stephen Cheung,500+ connections,Greater Los Angeles Area,5.0,2,https://www.linkedin.com/in/stephen-cheung-a18bb021
Rita Moreno,195 connections,"Los Angeles, California",5.0,1,https://www.linkedin.com/in/rita-moreno-14245513
